クラス,名前
Aクラス,千葉 陸
Aクラス,橋本 湊
Aクラス,大野 千尋
Aクラス,小川 陽太
Aクラス,山口 湊
Aクラス,三浦 樹
Aクラス,上田 大翔
Aクラス,平野 遥
Aクラス,大野 蒼
Aクラス,岡田 航
Aクラス,平野 湊
Aクラス,安田 悠真
Aクラス,佐野 慎也
Aクラス,遠藤 莉子
Aクラス,山口 健
Aクラス,遠藤 七海
Aクラス,上田 航
Aクラス,川口 凛
Aクラス,浜田 陸
Aクラス,村上 悠真
Aクラス,安田 翔太
Aクラス,森田 颯
Aクラス,小川 慎也
Aクラス,安田 心春
Bクラス,西村 葵
Bクラス,森田 美咲
Bクラス,安田 湊
Bクラス,吉田 樹
Bクラス,松本 千尋
Bクラス,平野 彩
Bクラス,藤井 慎也
Bクラス,藤井 陽太
Bクラス,田村 蒼
Bクラス,小林 蒼
Bクラス,岡田 莉子
Bクラス,田村 圭
Bクラス,松本 拓海
Bクラス,酒井 舞
Bクラス,竹内 奈々
Bクラス,大野 悠真
Bクラス,三浦 遥
Bクラス,工藤 拓海
Bクラス,木村 誠
Bクラス,浜田 結衣
Cクラス,内田 美咲
Cクラス,森田 莉子
Cクラス,千葉 拓海
Cクラス,久保 真央
Cクラス,横山 誠
Cクラス,山口 亮
Cクラス,大野 大翔
Cクラス,高木 恵
Cクラス,久保 美咲
Cクラス,遠藤 翔太
Cクラス,今井 莉子
Cクラス,菊地 舞
Cクラス,竹内 楓
Cクラス,内田 真央
Cクラス,石井 亮
Cクラス,中島 花音
Cクラス,吉田 悠真
Cクラス,松本 湊
Cクラス,坂本 凛
Cクラス,川口 蒼
Cクラス,橋本 健
Cクラス,松本 大翔
Cクラス,工藤 舞
Cクラス,橋本 航
Cクラス,高木 さくら
Cクラス,平野 航
